backend,spec,run_idx,elapsed_ns,gen_lines
rust,wire,0,1788101,63
rust,wire,1,1791642,63
rust,wire,2,1742796,63
rust,wire,3,1735705,63
rust,wire,4,1666352,63
rust,hello,0,2129322,67
rust,hello,1,1977780,67
rust,hello,2,1862419,67
rust,hello,3,1912792,67
rust,hello,4,1824742,67
rust,etx,0,2021505,68
rust,etx,1,1754115,68
rust,etx,2,1708477,68
rust,etx,3,1753932,68
rust,etx,4,1676564,68
rust,crc16,0,2164134,27
rust,crc16,1,1603980,27
rust,crc16,2,1679315,27
rust,crc16,3,1678892,27
rust,crc16,4,1651659,27
rust,byte_utils,0,1715433,51
rust,byte_utils,1,1786544,51
rust,byte_utils,2,1613827,51
rust,byte_utils,3,1673992,51
rust,byte_utils,4,1667825,51
rust,mesh_routing,0,1770336,35
rust,mesh_routing,1,1754373,35
rust,mesh_routing,2,1782044,35
rust,mesh_routing,3,1710180,35
rust,mesh_routing,4,1799470,35
rust,key_management,0,2077515,180
rust,key_management,1,2039984,180
rust,key_management,2,2092562,180
rust,key_management,3,2072459,180
rust,key_management,4,2022592,180
rust,frame_buffer,0,1582128,27
rust,frame_buffer,1,1685487,27
rust,frame_buffer,2,1593121,27
rust,frame_buffer,3,1668221,27
rust,frame_buffer,4,1594027,27
rust,packet_queue,0,1682556,45
rust,packet_queue,1,2229477,45
rust,packet_queue,2,1684386,45
rust,packet_queue,3,1621940,45
rust,packet_queue,4,1698374,45
rust,congestion_control,0,1816906,183
rust,congestion_control,1,1878353,183
rust,congestion_control,2,1934035,183
rust,congestion_control,3,1798659,183
rust,congestion_control,4,1755401,183
rust,flow_control,0,1780704,186
rust,flow_control,1,1851714,186
rust,flow_control,2,1725340,186
rust,flow_control,3,1957700,186
rust,flow_control,4,1777945,186
rust,self_healing,0,1887378,114
rust,self_healing,1,1892732,114
rust,self_healing,2,1905401,114
rust,self_healing,3,1966355,114
rust,self_healing,4,1889873,114
rust,trust_manager,0,1808233,80
rust,trust_manager,1,1837408,80
rust,trust_manager,2,1825315,80
rust,trust_manager,3,1786401,80
rust,trust_manager,4,1784869,80
rust,timer,0,1595730,33
rust,timer,1,1578257,33
rust,timer,2,1593686,33
rust,timer,3,1523918,33
rust,timer,4,1535170,33
rust,transport_tx_fsm,0,1789511,147
rust,transport_tx_fsm,1,1762503,147
rust,transport_tx_fsm,2,1758146,147
rust,transport_tx_fsm,3,1818913,147
rust,transport_tx_fsm,4,1744399,147
rust,redundancy_management,0,2041425,186
rust,redundancy_management,1,1989078,186
rust,redundancy_management,2,2241535,186
rust,redundancy_management,3,2219826,186
rust,redundancy_management,4,2060962,186
rust,fault_detection,0,2015087,133
rust,fault_detection,1,1994492,133
rust,fault_detection,2,1924539,133
rust,fault_detection,3,1987992,133
rust,fault_detection,4,1891921,133
rust,lite_crypto,0,1562230,27
rust,lite_crypto,1,1632394,27
rust,lite_crypto,2,1636311,27
rust,lite_crypto,3,1593544,27
rust,lite_crypto,4,1593421,27
rust,network_metrics,0,1589880,38
rust,network_metrics,1,1603646,38
rust,network_metrics,2,1503534,38
rust,network_metrics,3,1505971,38
rust,network_metrics,4,1491401,38
rust,m3_multihop,0,1571483,49
rust,m3_multihop,1,1500677,49
rust,m3_multihop,2,1534959,49
rust,m3_multihop,3,1569727,49
rust,m3_multihop,4,1514495,49
rust,link_statistics,0,1460203,23
rust,link_statistics,1,1494821,23
rust,link_statistics,2,1461283,23
rust,link_statistics,3,1511251,23
rust,link_statistics,4,1497111,23
rust,access_control,0,1773805,109
rust,access_control,1,1750159,109
rust,access_control,2,1761985,109
rust,access_control,3,1865156,109
rust,access_control,4,1766450,109
rust,bandwidth_allocator,0,2018949,186
rust,bandwidth_allocator,1,2151098,186
rust,bandwidth_allocator,2,2069341,186
rust,bandwidth_allocator,3,2084444,186
rust,bandwidth_allocator,4,2081443,186
rust,cache_management,0,1793689,219
rust,cache_management,1,1822012,219
rust,cache_management,2,1810711,219
rust,cache_management,3,1878663,219
rust,cache_management,4,1834526,219
rust,compression_engine,0,1815342,242
rust,compression_engine,1,1826190,242
rust,compression_engine,2,1830415,242
rust,compression_engine,3,1822987,242
rust,compression_engine,4,1851369,242
rust,cross_layer_optimizer,0,2021229,111
rust,cross_layer_optimizer,1,1870534,111
rust,cross_layer_optimizer,2,1925837,111
rust,cross_layer_optimizer,3,1880734,111
rust,cross_layer_optimizer,4,1980049,111
rust,energy_aware_routing,0,1884920,177
rust,energy_aware_routing,1,1859172,177
rust,energy_aware_routing,2,1888592,177
rust,energy_aware_routing,3,1828490,177
rust,energy_aware_routing,4,1903292,177
rust,adaptive_retry,0,1440220,27
rust,adaptive_retry,1,1495752,27
rust,adaptive_retry,2,1475844,27
rust,adaptive_retry,3,1480464,27
rust,adaptive_retry,4,1492027,27
rust,link_quality_monitor,0,2164297,31
rust,link_quality_monitor,1,1488594,31
rust,link_quality_monitor,2,1478676,31
rust,link_quality_monitor,3,1462449,31
rust,link_quality_monitor,4,1459309,31
rust,multipath_router,0,1447989,23
rust,multipath_router,1,1563325,23
rust,multipath_router,2,1606810,23
rust,multipath_router,3,1515048,23
rust,multipath_router,4,1505091,23
rust,auto_config,0,2041710,298
rust,auto_config,1,1920674,298
rust,auto_config,2,1936837,298
rust,auto_config,3,1907972,298
rust,auto_config,4,2007503,298
rust,adaptive_routing,0,1908470,143
rust,adaptive_routing,1,1859221,143
rust,adaptive_routing,2,1997625,143
rust,adaptive_routing,3,1900648,143
rust,adaptive_routing,4,1916768,143
rust,anomaly_detector,0,1955386,288
rust,anomaly_detector,1,1918121,288
rust,anomaly_detector,2,1921748,288
rust,anomaly_detector,3,1922784,288
rust,anomaly_detector,4,1911180,288
rust,api_documenter,0,2105152,235
rust,api_documenter,1,2042660,235
rust,api_documenter,2,2053748,235
rust,api_documenter,3,2075054,235
rust,api_documenter,4,2008846,235
rust,area_optimization,0,1756358,104
rust,area_optimization,1,1750320,104
rust,area_optimization,2,1774274,104
rust,area_optimization,3,1782547,104
rust,area_optimization,4,1702619,104
rust,docs_generator,0,2050701,294
rust,docs_generator,1,2081227,294
rust,docs_generator,2,2024039,294
rust,docs_generator,3,2087244,294
rust,docs_generator,4,2062011,294
rust,fpga_synthesis_report,0,1676881,72
rust,fpga_synthesis_report,1,1691383,72
rust,fpga_synthesis_report,2,1674181,72
rust,fpga_synthesis_report,3,1709835,72
rust,fpga_synthesis_report,4,1695328,72
rust,health_dashboard,0,1985843,288
rust,health_dashboard,1,1977243,288
rust,health_dashboard,2,1942355,288
rust,health_dashboard,3,1946151,288
rust,health_dashboard,4,2035104,288
rust,health_monitoring,0,2261922,300
rust,health_monitoring,1,2365863,300
rust,health_monitoring,2,2230308,300
rust,health_monitoring,3,2232758,300
rust,health_monitoring,4,2224781,300
rust,integration_tests,0,1723309,33
rust,integration_tests,1,1697522,33
rust,integration_tests,2,1677100,33
rust,integration_tests,3,1684933,33
rust,integration_tests,4,1809213,33
rust,load_predictor,0,1777444,218
rust,load_predictor,1,1831069,218
rust,load_predictor,2,1827039,218
rust,load_predictor,3,1769145,218
rust,load_predictor,4,1753785,218
rust,local_processing,0,1937897,219
rust,local_processing,1,1832458,219
rust,local_processing,2,1926866,219
rust,local_processing,3,1874594,219
rust,local_processing,4,1900368,219
rust,mesh_node_sim,0,1771766,67
rust,mesh_node_sim,1,1889117,67
rust,mesh_node_sim,2,1770292,67
rust,mesh_node_sim,3,1796220,67
rust,mesh_node_sim,4,1762428,67
rust,mesh_protocol_stack,0,1768449,69
rust,mesh_protocol_stack,1,1750975,69
rust,mesh_protocol_stack,2,1748263,69
rust,mesh_protocol_stack,3,1828124,69
rust,mesh_protocol_stack,4,1825437,69
rust,multipath_routing,0,2070995,190
rust,multipath_routing,1,2102471,190
rust,multipath_routing,2,2006823,190
rust,multipath_routing,3,2068512,190
rust,multipath_routing,4,2021903,190
rust,network_coding,0,1838951,130
rust,network_coding,1,1866234,130
rust,network_coding,2,1831238,130
rust,network_coding,3,1855115,130
rust,network_coding,4,1900789,130
rust,network_orchestrator,0,1924785,283
rust,network_orchestrator,1,1943837,283
rust,network_orchestrator,2,1999315,283
rust,network_orchestrator,3,1912202,283
rust,network_orchestrator,4,1884464,283
rust,network_simulator,0,1961758,263
rust,network_simulator,1,1960342,263
rust,network_simulator,2,1994166,263
rust,network_simulator,3,2006124,263
rust,network_simulator,4,2033977,263
rust,olsr_routing,0,1866835,113
rust,olsr_routing,1,1963021,113
rust,olsr_routing,2,1917377,113
rust,olsr_routing,3,1895708,113
rust,olsr_routing,4,1920627,113
rust,pattern_predictor,0,2118405,167
rust,pattern_predictor,1,2085170,167
rust,pattern_predictor,2,2116932,167
rust,pattern_predictor,3,2187601,167
rust,pattern_predictor,4,2107803,167
rust,performance_benchmarks,0,1673806,73
rust,performance_benchmarks,1,1712540,73
rust,performance_benchmarks,2,1676112,73
rust,performance_benchmarks,3,1673738,73
rust,performance_benchmarks,4,1698908,73
rust,performance_profiler,0,1993937,249
rust,performance_profiler,1,1941514,249
rust,performance_profiler,2,1980410,249
rust,performance_profiler,3,1971266,249
rust,performance_profiler,4,2026384,249
rust,power_monitoring,0,1796158,100
rust,power_monitoring,1,1943830,100
rust,power_monitoring,2,1867621,100
rust,power_monitoring,3,1770511,100
rust,power_monitoring,4,1761387,100
rust,production_deployment,0,1724496,99
rust,production_deployment,1,1821867,99
rust,production_deployment,2,1704878,99
rust,production_deployment,3,1701624,99
rust,production_deployment,4,1733943,99
rust,production_scenarios,0,1738052,93
rust,production_scenarios,1,1802329,93
rust,production_scenarios,2,1709256,93
rust,production_scenarios,3,1716710,93
rust,production_scenarios,4,1786816,93
rust,quarantine_manager,0,1908836,256
rust,quarantine_manager,1,1839444,256
rust,quarantine_manager,2,1947651,256
rust,quarantine_manager,3,2468084,256
rust,quarantine_manager,4,1853071,256
rust,resource_scheduler,0,2103736,203
rust,resource_scheduler,1,2039420,203
rust,resource_scheduler,2,2049766,203
rust,resource_scheduler,3,2032171,203
rust,resource_scheduler,4,2095490,203
rust,swarm_coordinator,0,2055031,135
rust,swarm_coordinator,1,2021273,135
rust,swarm_coordinator,2,2067550,135
rust,swarm_coordinator,3,1991833,135
rust,swarm_coordinator,4,2322005,135
rust,test_framework,0,2020506,323
rust,test_framework,1,2049684,323
rust,test_framework,2,2052680,323
rust,test_framework,3,2086935,323
rust,test_framework,4,2028059,323
rust,timing_closure,0,1749937,99
rust,timing_closure,1,1745665,99
rust,timing_closure,2,1733679,99
rust,timing_closure,3,1766144,99
rust,timing_closure,4,1737118,99
rust,topology_visualizer,0,2026875,270
rust,topology_visualizer,1,2046665,270
rust,topology_visualizer,2,2140015,270
rust,topology_visualizer,3,2018076,270
rust,topology_visualizer,4,2079182,270
rust,traffic_animator,0,2266157,307
rust,traffic_animator,1,2168703,307
rust,traffic_animator,2,2153911,307
rust,traffic_animator,3,2214449,307
rust,traffic_animator,4,2163598,307
rust,failure_predictor,0,1939611,178
rust,failure_predictor,1,2020300,178
rust,failure_predictor,2,1948899,178
rust,failure_predictor,3,1973942,178
rust,failure_predictor,4,1963347,178
rust,hardware_validation,0,1758151,93
rust,hardware_validation,1,1800309,93
rust,hardware_validation,2,1743437,93
rust,hardware_validation,3,1789110,93
rust,hardware_validation,4,1782846,93
rust,integration_framework,0,2180276,387
rust,integration_framework,1,2242761,387
rust,integration_framework,2,2228503,387
rust,integration_framework,3,2159880,387
rust,integration_framework,4,2139553,387
rust,network_analytics,0,1792475,120
rust,network_analytics,1,1800099,120
rust,network_analytics,2,1825867,120
rust,network_analytics,3,1927313,120
rust,network_analytics,4,1859892,120
rust,packet_loss_injection,0,1680516,47
rust,packet_loss_injection,1,1650294,47
rust,packet_loss_injection,2,1704246,47
rust,packet_loss_injection,3,1625724,47
rust,packet_loss_injection,4,1695191,47
rust,test_validator,0,2092472,300
rust,test_validator,1,1976434,300
rust,test_validator,2,1975955,300
rust,test_validator,3,1971466,300
rust,test_validator,4,2055267,300
zig,wire,0,1552841,73
zig,wire,1,1540693,73
zig,wire,2,1534398,73
zig,wire,3,1634874,73
zig,wire,4,1574463,73
zig,hello,0,1751029,108
zig,hello,1,1737269,108
zig,hello,2,1790933,108
zig,hello,3,1722233,108
zig,hello,4,1722625,108
zig,etx,0,1713413,101
zig,etx,1,1615688,101
zig,etx,2,1611948,101
zig,etx,3,1614212,101
zig,etx,4,1608468,101
zig,crc16,0,1553979,55
zig,crc16,1,1567928,55
zig,crc16,2,1558836,55
zig,crc16,3,1593764,55
zig,crc16,4,1675698,55
zig,byte_utils,0,1584725,63
zig,byte_utils,1,1565395,63
zig,byte_utils,2,1560605,63
zig,byte_utils,3,1617729,63
zig,byte_utils,4,1571832,63
zig,mesh_routing,0,1691981,123
zig,mesh_routing,1,1674023,123
zig,mesh_routing,2,1770798,123
zig,mesh_routing,3,1673135,123
zig,mesh_routing,4,1679207,123
zig,key_management,0,1914387,204
zig,key_management,1,1993593,204
zig,key_management,2,1933247,204
zig,key_management,3,1902137,204
zig,key_management,4,1894804,204
zig,frame_buffer,0,1624756,66
zig,frame_buffer,1,1598569,66
zig,frame_buffer,2,1538318,66
zig,frame_buffer,3,1584424,66
zig,frame_buffer,4,1610112,66
zig,packet_queue,0,1631438,94
zig,packet_queue,1,1593036,94
zig,packet_queue,2,1574898,94
zig,packet_queue,3,1682376,94
zig,packet_queue,4,1605487,94
zig,congestion_control,0,1712540,154
zig,congestion_control,1,1723818,154
zig,congestion_control,2,2046733,154
zig,congestion_control,3,1947484,154
zig,congestion_control,4,1821823,154
zig,flow_control,0,1787091,151
zig,flow_control,1,2317998,151
zig,flow_control,2,1795221,151
zig,flow_control,3,1794036,151
zig,flow_control,4,1776357,151
zig,self_healing,0,2060557,200
zig,self_healing,1,1865892,200
zig,self_healing,2,1849406,200
zig,self_healing,3,1827283,200
zig,self_healing,4,1841854,200
zig,trust_manager,0,1801459,66
zig,trust_manager,1,1757704,66
zig,trust_manager,2,1702866,66
zig,trust_manager,3,1727292,66
zig,trust_manager,4,1721821,66
zig,timer,0,1615248,78
zig,timer,1,1528756,78
zig,timer,2,1631337,78
zig,timer,3,1566766,78
zig,timer,4,1576009,78
zig,transport_tx_fsm,0,1755873,185
zig,transport_tx_fsm,1,1709707,185
zig,transport_tx_fsm,2,1660956,185
zig,transport_tx_fsm,3,1680250,185
zig,transport_tx_fsm,4,1646717,185
zig,redundancy_management,0,1966431,223
zig,redundancy_management,1,2206019,223
zig,redundancy_management,2,1922176,223
zig,redundancy_management,3,1992298,223
zig,redundancy_management,4,1905125,223
zig,fault_detection,0,1834445,193
zig,fault_detection,1,1891977,193
zig,fault_detection,2,1815816,193
zig,fault_detection,3,1778091,193
zig,fault_detection,4,1851520,193
zig,lite_crypto,0,1636657,86
zig,lite_crypto,1,1601454,86
zig,lite_crypto,2,1618487,86
zig,lite_crypto,3,1591837,86
zig,lite_crypto,4,1569754,86
zig,network_metrics,0,1490651,63
zig,network_metrics,1,1508536,63
zig,network_metrics,2,1469036,63
zig,network_metrics,3,1470407,63
zig,network_metrics,4,1598339,63
zig,m3_multihop,0,1549955,43
zig,m3_multihop,1,1520802,43
zig,m3_multihop,2,1501630,43
zig,m3_multihop,3,1610754,43
zig,m3_multihop,4,1549137,43
zig,link_statistics,0,1585090,46
zig,link_statistics,1,1750498,46
zig,link_statistics,2,1517408,46
zig,link_statistics,3,1482340,46
zig,link_statistics,4,1475057,46
zig,access_control,0,1819835,162
zig,access_control,1,1787805,162
zig,access_control,2,1733434,162
zig,access_control,3,1852373,162
zig,access_control,4,1726150,162
zig,bandwidth_allocator,0,2034432,245
zig,bandwidth_allocator,1,2060701,245
zig,bandwidth_allocator,2,2042133,245
zig,bandwidth_allocator,3,2038941,245
zig,bandwidth_allocator,4,2001892,245
zig,cache_management,0,1828601,191
zig,cache_management,1,1770559,191
zig,cache_management,2,1764681,191
zig,cache_management,3,1792164,191
zig,cache_management,4,1839489,191
zig,compression_engine,0,1880670,200
zig,compression_engine,1,1756273,200
zig,compression_engine,2,1804422,200
zig,compression_engine,3,1730383,200
zig,compression_engine,4,1816607,200
zig,cross_layer_optimizer,0,1932338,189
zig,cross_layer_optimizer,1,1915134,189
zig,cross_layer_optimizer,2,1912446,189
zig,cross_layer_optimizer,3,1910776,189
zig,cross_layer_optimizer,4,1901407,189
zig,energy_aware_routing,0,1897702,217
zig,energy_aware_routing,1,1988871,217
zig,energy_aware_routing,2,1841973,217
zig,energy_aware_routing,3,1925192,217
zig,energy_aware_routing,4,1888847,217
zig,adaptive_retry,0,1473448,27
zig,adaptive_retry,1,1474678,27
zig,adaptive_retry,2,1456120,27
zig,adaptive_retry,3,1452636,27
zig,adaptive_retry,4,1436511,27
zig,link_quality_monitor,0,1463137,29
zig,link_quality_monitor,1,1552060,29
zig,link_quality_monitor,2,1592017,29
zig,link_quality_monitor,3,1509739,29
zig,link_quality_monitor,4,1541258,29
zig,multipath_router,0,1514490,22
zig,multipath_router,1,1518550,22
zig,multipath_router,2,1446748,22
zig,multipath_router,3,1461229,22
zig,multipath_router,4,1449298,22
zig,auto_config,0,1864375,238
zig,auto_config,1,1818354,238
zig,auto_config,2,1857414,238
zig,auto_config,3,1920118,238
zig,auto_config,4,2020032,238
zig,adaptive_routing,0,1907092,189
zig,adaptive_routing,1,1830828,189
zig,adaptive_routing,2,1872926,189
zig,adaptive_routing,3,1826133,189
zig,adaptive_routing,4,1869190,189
zig,anomaly_detector,0,1808407,235
zig,anomaly_detector,1,1841341,235
zig,anomaly_detector,2,1797898,235
zig,anomaly_detector,3,1832457,235
zig,anomaly_detector,4,1791978,235
zig,api_documenter,0,1897305,185
zig,api_documenter,1,1952117,185
zig,api_documenter,2,1893418,185
zig,api_documenter,3,1911894,185
zig,api_documenter,4,1910996,185
zig,area_optimization,0,1681770,169
zig,area_optimization,1,1772103,169
zig,area_optimization,2,1716015,169
zig,area_optimization,3,1712995,169
zig,area_optimization,4,1707321,169
zig,docs_generator,0,2098856,218
zig,docs_generator,1,1997530,218
zig,docs_generator,2,1977567,218
zig,docs_generator,3,1996175,218
zig,docs_generator,4,2019179,218
zig,fpga_synthesis_report,0,1709564,130
zig,fpga_synthesis_report,1,1637715,130
zig,fpga_synthesis_report,2,1631341,130
zig,fpga_synthesis_report,3,1723667,130
zig,fpga_synthesis_report,4,1640456,130
zig,health_dashboard,0,1886406,223
zig,health_dashboard,1,1918907,223
zig,health_dashboard,2,1853482,223
zig,health_dashboard,3,1908350,223
zig,health_dashboard,4,1917882,223
zig,health_monitoring,0,2171662,299
zig,health_monitoring,1,2148778,299
zig,health_monitoring,2,2143738,299
zig,health_monitoring,3,2283265,299
zig,health_monitoring,4,2148264,299
zig,integration_tests,0,1684797,127
zig,integration_tests,1,1767284,127
zig,integration_tests,2,1714779,127
zig,integration_tests,3,1727983,127
zig,integration_tests,4,1750736,127
zig,load_predictor,0,1761284,188
zig,load_predictor,1,1751108,188
zig,load_predictor,2,2497400,188
zig,load_predictor,3,1805302,188
zig,load_predictor,4,1833948,188
zig,local_processing,0,1820328,183
zig,local_processing,1,1805387,183
zig,local_processing,2,1854188,183
zig,local_processing,3,1784024,183
zig,local_processing,4,1776623,183
zig,mesh_node_sim,0,1753056,106
zig,mesh_node_sim,1,1699090,106
zig,mesh_node_sim,2,1677602,106
zig,mesh_node_sim,3,1682523,106
zig,mesh_node_sim,4,1686052,106
zig,mesh_protocol_stack,0,1750244,169
zig,mesh_protocol_stack,1,1752183,169
zig,mesh_protocol_stack,2,1729999,169
zig,mesh_protocol_stack,3,1752929,169
zig,mesh_protocol_stack,4,1771622,169
zig,multipath_routing,0,1987083,239
zig,multipath_routing,1,1985093,239
zig,multipath_routing,2,2072580,239
zig,multipath_routing,3,1958517,239
zig,multipath_routing,4,1974753,239
zig,network_coding,0,1824869,172
zig,network_coding,1,1794669,172
zig,network_coding,2,1814608,172
zig,network_coding,3,1814563,172
zig,network_coding,4,1919030,172
zig,network_orchestrator,0,1860874,216
zig,network_orchestrator,1,1859734,216
zig,network_orchestrator,2,2844523,216
zig,network_orchestrator,3,1889343,216
zig,network_orchestrator,4,1848112,216
zig,network_simulator,0,1994925,199
zig,network_simulator,1,1975415,199
zig,network_simulator,2,1926603,199
zig,network_simulator,3,1879728,199
zig,network_simulator,4,1943390,199
zig,olsr_routing,0,1819017,162
zig,olsr_routing,1,1838597,162
zig,olsr_routing,2,1892786,162
zig,olsr_routing,3,1881340,162
zig,olsr_routing,4,1877359,162
zig,pattern_predictor,0,2085812,217
zig,pattern_predictor,1,2130737,217
zig,pattern_predictor,2,2055520,217
zig,pattern_predictor,3,2044554,217
zig,pattern_predictor,4,2058530,217
zig,performance_benchmarks,0,1699329,156
zig,performance_benchmarks,1,1672749,156
zig,performance_benchmarks,2,1678627,156
zig,performance_benchmarks,3,1679415,156
zig,performance_benchmarks,4,1642057,156
zig,performance_profiler,0,2083183,208
zig,performance_profiler,1,2033354,208
zig,performance_profiler,2,1921714,208
zig,performance_profiler,3,1920419,208
zig,performance_profiler,4,1938312,208
zig,power_monitoring,0,1811554,170
zig,power_monitoring,1,1762405,170
zig,power_monitoring,2,1736586,170
zig,power_monitoring,3,1851625,170
zig,power_monitoring,4,1858835,170
zig,production_deployment,0,1742235,140
zig,production_deployment,1,1729264,140
zig,production_deployment,2,1684747,140
zig,production_deployment,3,1805497,140
zig,production_deployment,4,1735758,140
zig,production_scenarios,0,1731822,160
zig,production_scenarios,1,1819198,160
zig,production_scenarios,2,1732784,160
zig,production_scenarios,3,1695152,160
zig,production_scenarios,4,1724257,160
zig,quarantine_manager,0,1846049,194
zig,quarantine_manager,1,1779634,194
zig,quarantine_manager,2,1798761,194
zig,quarantine_manager,3,1817640,194
zig,quarantine_manager,4,1838458,194
zig,resource_scheduler,0,2042626,271
zig,resource_scheduler,1,2029678,271
zig,resource_scheduler,2,2093885,271
zig,resource_scheduler,3,2006045,271
zig,resource_scheduler,4,2057604,271
zig,swarm_coordinator,0,2001918,185
zig,swarm_coordinator,1,1956691,185
zig,swarm_coordinator,2,1955946,185
zig,swarm_coordinator,3,1937034,185
zig,swarm_coordinator,4,1961814,185
zig,test_framework,0,1932336,249
zig,test_framework,1,1906108,249
zig,test_framework,2,1988324,249
zig,test_framework,3,1947300,249
zig,test_framework,4,1987642,249
zig,timing_closure,0,1694179,157
zig,timing_closure,1,1761318,157
zig,timing_closure,2,1696286,157
zig,timing_closure,3,1732892,157
zig,timing_closure,4,1708510,157
zig,topology_visualizer,0,1950997,211
zig,topology_visualizer,1,1920920,211
zig,topology_visualizer,2,1892615,211
zig,topology_visualizer,3,1951983,211
zig,topology_visualizer,4,1938414,211
zig,traffic_animator,0,2067687,243
zig,traffic_animator,1,2085279,243
zig,traffic_animator,2,2056534,243
zig,traffic_animator,3,2031880,243
zig,traffic_animator,4,2033748,243
zig,failure_predictor,0,1908327,224
zig,failure_predictor,1,1910436,224
zig,failure_predictor,2,1873968,224
zig,failure_predictor,3,1954435,224
zig,failure_predictor,4,1946780,224
zig,hardware_validation,0,1725696,145
zig,hardware_validation,1,1688531,145
zig,hardware_validation,2,1777616,145
zig,hardware_validation,3,1728661,145
zig,hardware_validation,4,1772584,145
zig,integration_framework,0,2140017,305
zig,integration_framework,1,2072423,305
zig,integration_framework,2,2058165,305
zig,integration_framework,3,2034994,305
zig,integration_framework,4,2152295,305
zig,network_analytics,0,1808653,178
zig,network_analytics,1,1738614,178
zig,network_analytics,2,1823121,178
zig,network_analytics,3,1758694,178
zig,network_analytics,4,1812127,178
zig,packet_loss_injection,0,1611441,121
zig,packet_loss_injection,1,1669359,121
zig,packet_loss_injection,2,1611875,121
zig,packet_loss_injection,3,1632565,121
zig,packet_loss_injection,4,1593979,121
zig,test_validator,0,1983517,225
zig,test_validator,1,1900748,225
zig,test_validator,2,1919417,225
zig,test_validator,3,1889603,225
zig,test_validator,4,1939317,225
c,wire,0,1537602,128
c,wire,1,1584527,128
c,wire,2,1520608,128
c,wire,3,1579222,128
c,wire,4,1572628,128
c,hello,0,1749280,154
c,hello,1,1755245,154
c,hello,2,1707202,154
c,hello,3,1731266,154
c,hello,4,1752563,154
c,etx,0,1676090,145
c,etx,1,1602105,145
c,etx,2,1587300,145
c,etx,3,1601904,145
c,etx,4,1583343,145
c,crc16,0,1557612,95
c,crc16,1,1502533,95
c,crc16,2,1549191,95
c,crc16,3,1555782,95
c,crc16,4,1621518,95
c,byte_utils,0,1568915,100
c,byte_utils,1,1521701,100
c,byte_utils,2,1510056,100
c,byte_utils,3,1596066,100
c,byte_utils,4,1550507,100
c,mesh_routing,0,1703515,175
c,mesh_routing,1,1668067,175
c,mesh_routing,2,1724114,175
c,mesh_routing,3,1787789,175
c,mesh_routing,4,1703216,175
c,key_management,0,1947903,271
c,key_management,1,1964005,271
c,key_management,2,1922121,271
c,key_management,3,1962218,271
c,key_management,4,1903915,271
c,frame_buffer,0,1528468,109
c,frame_buffer,1,1560190,109
c,frame_buffer,2,1554852,109
c,frame_buffer,3,1549139,109
c,frame_buffer,4,1629550,109
c,packet_queue,0,1611764,145
c,packet_queue,1,1605319,145
c,packet_queue,2,1590594,145
c,packet_queue,3,1635096,145
c,packet_queue,4,1672294,145
c,congestion_control,0,1722847,214
c,congestion_control,1,1685407,214
c,congestion_control,2,1972421,214
c,congestion_control,3,1799585,214
c,congestion_control,4,1749786,214
c,flow_control,0,1726697,225
c,flow_control,1,1709577,225
c,flow_control,2,1733478,225
c,flow_control,3,1689021,225
c,flow_control,4,1748417,225
c,self_healing,0,1924533,292
c,self_healing,1,1904440,292
c,self_healing,2,1843649,292
c,self_healing,3,1850623,292
c,self_healing,4,1871934,292
c,trust_manager,0,1747022,112
c,trust_manager,1,1713638,112
c,trust_manager,2,1755311,112
c,trust_manager,3,1807234,112
c,trust_manager,4,1719837,112
c,timer,0,1516058,118
c,timer,1,1507370,118
c,timer,2,1557910,118
c,timer,3,1493365,118
c,timer,4,1511993,118
c,transport_tx_fsm,0,1688134,238
c,transport_tx_fsm,1,1764781,238
c,transport_tx_fsm,2,1709164,238
c,transport_tx_fsm,3,1720254,238
c,transport_tx_fsm,4,1731392,238
c,redundancy_management,0,1984531,297
c,redundancy_management,1,1958599,297
c,redundancy_management,2,1964715,297
c,redundancy_management,3,1976594,297
c,redundancy_management,4,1969890,297
c,fault_detection,0,1855061,272
c,fault_detection,1,1843096,272
c,fault_detection,2,1921572,272
c,fault_detection,3,1842052,272
c,fault_detection,4,1892707,272
c,lite_crypto,0,1622392,135
c,lite_crypto,1,1661100,135
c,lite_crypto,2,1626176,135
c,lite_crypto,3,1594830,135
c,lite_crypto,4,1588829,135
c,network_metrics,0,1568242,106
c,network_metrics,1,1475063,106
c,network_metrics,2,1493785,106
c,network_metrics,3,1490140,106
c,network_metrics,4,1498256,106
c,m3_multihop,0,1549941,87
c,m3_multihop,1,1512206,87
c,m3_multihop,2,1504637,87
c,m3_multihop,3,1533286,87
c,m3_multihop,4,1588203,87
c,link_statistics,0,1499468,81
c,link_statistics,1,1516422,81
c,link_statistics,2,1504729,81
c,link_statistics,3,1494987,81
c,link_statistics,4,1518677,81
c,access_control,0,1795106,240
c,access_control,1,1786918,240
c,access_control,2,1867625,240
c,access_control,3,1812552,240
c,access_control,4,1756800,240
c,bandwidth_allocator,0,2099422,325
c,bandwidth_allocator,1,2030334,325
c,bandwidth_allocator,2,2080046,325
c,bandwidth_allocator,3,2014967,325
c,bandwidth_allocator,4,2105319,325
c,cache_management,0,1854930,267
c,cache_management,1,1832353,267
c,cache_management,2,1904082,267
c,cache_management,3,1791896,267
c,cache_management,4,1847947,267
c,compression_engine,0,1804973,260
c,compression_engine,1,1898293,260
c,compression_engine,2,1782398,260
c,compression_engine,3,1806885,260
c,compression_engine,4,1845798,260
c,cross_layer_optimizer,0,1949266,265
c,cross_layer_optimizer,1,1894746,265
c,cross_layer_optimizer,2,1881628,265
c,cross_layer_optimizer,3,1957441,265
c,cross_layer_optimizer,4,1917045,265
c,energy_aware_routing,0,2795735,294
c,energy_aware_routing,1,1942847,294
c,energy_aware_routing,2,1877847,294
c,energy_aware_routing,3,1895152,294
c,energy_aware_routing,4,1881362,294
c,adaptive_retry,0,1520720,63
c,adaptive_retry,1,1489524,63
c,adaptive_retry,2,1535394,63
c,adaptive_retry,3,1472770,63
c,adaptive_retry,4,1484796,63
c,link_quality_monitor,0,1483638,65
c,link_quality_monitor,1,1458096,65
c,link_quality_monitor,2,1443957,65
c,link_quality_monitor,3,1497334,65
c,link_quality_monitor,4,1516297,65
c,multipath_router,0,1512768,56
c,multipath_router,1,1574039,56
c,multipath_router,2,1492318,56
c,multipath_router,3,1540164,56
c,multipath_router,4,1557978,56
c,auto_config,0,2225405,298
c,auto_config,1,2032660,298
c,auto_config,2,1957886,298
c,auto_config,3,1913770,298
c,auto_config,4,1844626,298
c,adaptive_routing,0,1888568,268
c,adaptive_routing,1,1838072,268
c,adaptive_routing,2,1843745,268
c,adaptive_routing,3,1855448,268
c,adaptive_routing,4,1958477,268
c,anomaly_detector,0,1821392,303
c,anomaly_detector,1,1889321,303
c,anomaly_detector,2,1876197,303
c,anomaly_detector,3,1887861,303
c,anomaly_detector,4,1872367,303
c,api_documenter,0,2056051,291
c,api_documenter,1,1957542,291
c,api_documenter,2,1976557,291
c,api_documenter,3,1974161,291
c,api_documenter,4,2002282,291
c,area_optimization,0,1794327,247
c,area_optimization,1,1728741,247
c,area_optimization,2,1766888,247
c,area_optimization,3,1789536,247
c,area_optimization,4,1711403,247
c,docs_generator,0,2017082,348
c,docs_generator,1,2066983,348
c,docs_generator,2,2039859,348
c,docs_generator,3,2057309,348
c,docs_generator,4,2030357,348
c,fpga_synthesis_report,0,1689921,199
c,fpga_synthesis_report,1,1697264,199
c,fpga_synthesis_report,2,1659118,199
c,fpga_synthesis_report,3,1673065,199
c,fpga_synthesis_report,4,1725906,199
c,health_dashboard,0,1936688,299
c,health_dashboard,1,1892698,299
c,health_dashboard,2,1920367,299
c,health_dashboard,3,1904650,299
c,health_dashboard,4,1915221,299
c,health_monitoring,0,2293320,360
c,health_monitoring,1,2178782,360
c,health_monitoring,2,2895647,360
c,health_monitoring,3,2313130,360
c,health_monitoring,4,2225633,360
c,integration_tests,0,1739737,165
c,integration_tests,1,1793892,165
c,integration_tests,2,1678464,165
c,integration_tests,3,1836462,165
c,integration_tests,4,1700973,165
c,load_predictor,0,1809067,254
c,load_predictor,1,1752862,254
c,load_predictor,2,1788501,254
c,load_predictor,3,1783235,254
c,load_predictor,4,1794569,254
c,local_processing,0,1823196,263
c,local_processing,1,1788307,263
c,local_processing,2,1801668,263
c,local_processing,3,1849612,263
c,local_processing,4,1843249,263
c,mesh_node_sim,0,1719719,156
c,mesh_node_sim,1,1770963,156
c,mesh_node_sim,2,1719496,156
c,mesh_node_sim,3,1709407,156
c,mesh_node_sim,4,1706338,156
c,mesh_protocol_stack,0,1767843,225
c,mesh_protocol_stack,1,1743752,225
c,mesh_protocol_stack,2,1730503,225
c,mesh_protocol_stack,3,1725073,225
c,mesh_protocol_stack,4,1761766,225
c,multipath_routing,0,1990473,321
c,multipath_routing,1,1965232,321
c,multipath_routing,2,2063257,321
c,multipath_routing,3,1979516,321
c,multipath_routing,4,2063624,321
c,network_coding,0,1910539,260
c,network_coding,1,1783825,260
c,network_coding,2,1782777,260
c,network_coding,3,1857192,260
c,network_coding,4,1818575,260
c,network_orchestrator,0,1931694,304
c,network_orchestrator,1,1883972,304
c,network_orchestrator,2,1850692,304
c,network_orchestrator,3,1935184,304
c,network_orchestrator,4,1898294,304
c,network_simulator,0,1918105,307
c,network_simulator,1,1974335,307
c,network_simulator,2,1915591,307
c,network_simulator,3,1927516,307
c,network_simulator,4,1893945,307
c,olsr_routing,0,1833019,231
c,olsr_routing,1,1837150,231
c,olsr_routing,2,1845670,231
c,olsr_routing,3,1887639,231
c,olsr_routing,4,1902853,231
c,pattern_predictor,0,2106054,297
c,pattern_predictor,1,2058340,297
c,pattern_predictor,2,2244104,297
c,pattern_predictor,3,2265194,297
c,pattern_predictor,4,2130505,297
c,performance_benchmarks,0,1682891,224
c,performance_benchmarks,1,1697390,224
c,performance_benchmarks,2,1654431,224
c,performance_benchmarks,3,1709376,224
c,performance_benchmarks,4,1655991,224
c,performance_profiler,0,2003701,310
c,performance_profiler,1,1872767,310
c,performance_profiler,2,1864533,310
c,performance_profiler,3,1842706,310
c,performance_profiler,4,1886431,310
c,power_monitoring,0,1792071,244
c,power_monitoring,1,1743355,244
c,power_monitoring,2,1786087,244
c,power_monitoring,3,1756598,244
c,power_monitoring,4,1716833,244
c,production_deployment,0,1712101,221
c,production_deployment,1,1690632,221
c,production_deployment,2,1780710,221
c,production_deployment,3,1674684,221
c,production_deployment,4,1716343,221
c,production_scenarios,0,1768695,226
c,production_scenarios,1,1617074,226
c,production_scenarios,2,1661233,226
c,production_scenarios,3,1680237,226
c,production_scenarios,4,1649638,226
c,quarantine_manager,0,1812577,278
c,quarantine_manager,1,1789227,278
c,quarantine_manager,2,1754406,278
c,quarantine_manager,3,1875557,278
c,quarantine_manager,4,1778158,278
c,resource_scheduler,0,1987602,361
c,resource_scheduler,1,2056415,361
c,resource_scheduler,2,1970889,361
c,resource_scheduler,3,2002464,361
c,resource_scheduler,4,1984153,361
c,swarm_coordinator,0,1925808,259
c,swarm_coordinator,1,1874120,259
c,swarm_coordinator,2,1919773,259
c,swarm_coordinator,3,1927173,259
c,swarm_coordinator,4,1975201,259
c,test_framework,0,1968084,361
c,test_framework,1,1931268,361
c,test_framework,2,1988069,361
c,test_framework,3,1911526,361
c,test_framework,4,1956446,361
c,timing_closure,0,1746519,229
c,timing_closure,1,1678113,229
c,timing_closure,2,1694780,229
c,timing_closure,3,1720377,229
c,timing_closure,4,1655831,229
c,topology_visualizer,0,1912323,295
c,topology_visualizer,1,1930562,295
c,topology_visualizer,2,1894018,295
c,topology_visualizer,3,1999729,295
c,topology_visualizer,4,1903067,295
c,traffic_animator,0,2078247,363
c,traffic_animator,1,2147187,363
c,traffic_animator,2,2057508,363
c,traffic_animator,3,2046253,363
c,traffic_animator,4,2045352,363
c,failure_predictor,0,1935595,305
c,failure_predictor,1,1887650,305
c,failure_predictor,2,1927475,305
c,failure_predictor,3,1947814,305
c,failure_predictor,4,1917283,305
c,hardware_validation,0,1720647,224
c,hardware_validation,1,1757867,224
c,hardware_validation,2,1687132,224
c,hardware_validation,3,1701957,224
c,hardware_validation,4,1709218,224
c,integration_framework,0,2126144,423
c,integration_framework,1,2059871,423
c,integration_framework,2,2038674,423
c,integration_framework,3,2182197,423
c,integration_framework,4,2038625,423
c,network_analytics,0,1792772,264
c,network_analytics,1,1763193,264
c,network_analytics,2,1794340,264
c,network_analytics,3,1748897,264
c,network_analytics,4,1773749,264
c,packet_loss_injection,0,1665271,176
c,packet_loss_injection,1,1587201,176
c,packet_loss_injection,2,1575301,176
c,packet_loss_injection,3,1577744,176
c,packet_loss_injection,4,1596190,176
c,test_validator,0,1916915,337
c,test_validator,1,1910871,337
c,test_validator,2,1894917,337
c,test_validator,3,1983057,337
c,test_validator,4,1935358,337
